{
    "trace3.txt": {
        "GPS": {
            "time": 5016402.0,
            "sent_bits_per_flow": {
                "0": 1001278.0,
                "1": 1001519.0,
                "2": 1003808.0,
                "3": 1002057.0,
                "4": 1002890.0
            },
            "throughput_per_flow": {
                "0": 0.19960082943910795,
                "1": 0.1996488718408134,
                "2": 0.20010517498398253,
                "3": 0.1997561200238737,
                "4": 0.1999221752961585
            },
            "average_delay_per_flow": {
                "0": 5154.798802395209,
                "1": 5178.102994011976,
                "2": 6497.092215568862,
                "3": 5287.043113772455,
                "4": 6480.517365269461
            },
            "standard_deviation_per_flow": {
                "0": 614.3919833625132,
                "1": 476.61614018081286,
                "2": 1360.7381626106146,
                "3": 539.7846836730632,
                "4": 1482.6906350144409
            }
        },
        "Round robin (RR)": {
            "time": 5016402.0,
            "sent_bits_per_flow": {
                "0": 1001278.0,
                "1": 1001519.0,
                "2": 1003808.0,
                "3": 1002057.0,
                "4": 1002890.0
            },
            "throughput_per_flow": {
                "0": 0.19960082943910795,
                "1": 0.1996488718408134,
                "2": 0.20010517498398253,
                "3": 0.1997561200238737,
                "4": 0.1999221752961585
            },
            "average_delay_per_flow": {
                "0": 1678.7413173652694,
                "1": 2390.0131736526946,
                "2": 2509.0670658682634,
                "3": 4748.51616766467,
                "4": 5347.723353293413
            },
            "standard_deviation_per_flow": {
                "0": 808.4947543514636,
                "1": 854.1255940231372,
                "2": 791.3442835725092,
                "3": 1042.9919460087913,
                "4": 892.975021674662
            }
        },
        "Deficit round robin (DRR)": {
            "time": 5016402.0,
            "sent_bits_per_flow": {
                "0": 1001278.0,
                "1": 1001519.0,
                "2": 1003808.0,
                "3": 1002057.0,
                "4": 1002890.0
            },
            "throughput_per_flow": {
                "0": 0.19960082943910795,
                "1": 0.1996488718408134,
                "2": 0.20010517498398253,
                "3": 0.1997561200238737,
                "4": 0.1999221752961585
            },
            "average_delay_per_flow": {
                "0": 3081.2443113772456,
                "1": 3569.148502994012,
                "2": 3318.3101796407186,
                "3": 3157.9928143712573,
                "4": 3531.471856287425
            },
            "standard_deviation_per_flow": {
                "0": 1763.9450838602731,
                "1": 1622.4972662979944,
                "2": 1766.2182403799554,
                "3": 1669.5343651316532,
                "4": 1691.7115664492665
            }
        }
    },
    "trace2.txt": {
        "GPS": {
            "time": 5040531.0,
            "sent_bits_per_flow": {
                "2": 1001952.0,
                "3": 1001491.0,
                "1": 1001322.0,
                "4": 1001284.0,
                "0": 1001079.0
            },
            "throughput_per_flow": {
                "2": 0.1987790572064729,
                "3": 0.19868759858832333,
                "1": 0.19865407037472838,
                "4": 0.1986465314864644,
                "0": 0.19860586116819834
            },
            "average_delay_per_flow": {
                "2": 44740.838323353295,
                "3": 50813.2383233533,
                "1": 18328.13652694611,
                "4": 22279.554491017963,
                "0": 27281.40239520958
            },
            "standard_deviation_per_flow": {
                "2": 41871.93880271621,
                "3": 51420.04103848508,
                "1": 16851.41543060681,
                "4": 19706.064667279028,
                "0": 25124.837769900656
            }
        },
        "Round robin (RR)": {
            "time": 5040531.0,
            "sent_bits_per_flow": {
                "2": 1001952.0,
                "3": 1001491.0,
                "1": 1001322.0,
                "4": 1001284.0,
                "0": 1001079.0
            },
            "throughput_per_flow": {
                "2": 0.1987790572064729,
                "3": 0.19868759858832333,
                "1": 0.19865407037472838,
                "4": 0.1986465314864644,
                "0": 0.19860586116819834
            },
            "average_delay_per_flow": {
                "2": 43636.85628742515,
                "3": 48089.51377245509,
                "1": 15893.877844311377,
                "4": 19547.97125748503,
                "0": 25897.462275449103
            },
            "standard_deviation_per_flow": {
                "2": 43311.74317896826,
                "3": 50013.29423644824,
                "1": 16037.734577336723,
                "4": 18847.218537184617,
                "0": 25802.368271835112
            }
        },
        "Deficit round robin (DRR)": {
            "time": 5040531.0,
            "sent_bits_per_flow": {
                "2": 1001952.0,
                "3": 1001491.0,
                "1": 1001322.0,
                "4": 1001284.0,
                "0": 1001079.0
            },
            "throughput_per_flow": {
                "2": 0.1987790572064729,
                "3": 0.19868759858832333,
                "1": 0.19865407037472838,
                "4": 0.1986465314864644,
                "0": 0.19860586116819834
            },
            "average_delay_per_flow": {
                "2": 42427.03952095808,
                "3": 48655.00119760479,
                "1": 16258.426347305389,
                "4": 20517.353293413173,
                "0": 25193.02874251497
            },
            "standard_deviation_per_flow": {
                "2": 42138.540101402185,
                "3": 50716.562880183825,
                "1": 16662.191722407824,
                "4": 19486.13971063764,
                "0": 24275.398194735062
            }
        }
    },
    "trace.txt": {
        "GPS": {
            "time": 5016402.0,
            "sent_bits_per_flow": {
                "0": 1001278.0,
                "1": 1001519.0,
                "2": 1003808.0,
                "3": 1002057.0,
                "4": 1002890.0
            },
            "throughput_per_flow": {
                "0": 0.19960082943910795,
                "1": 0.1996488718408134,
                "2": 0.20010517498398253,
                "3": 0.1997561200238737,
                "4": 0.1999221752961585
            },
            "average_delay_per_flow": {
                "0": 5154.798802395209,
                "1": 5178.102994011976,
                "2": 6497.092215568862,
                "3": 5287.043113772455,
                "4": 6480.517365269461
            },
            "standard_deviation_per_flow": {
                "0": 614.3919833625132,
                "1": 476.61614018081286,
                "2": 1360.7381626106146,
                "3": 539.7846836730632,
                "4": 1482.6906350144409
            }
        },
        "Round robin (RR)": {
            "time": 5016402.0,
            "sent_bits_per_flow": {
                "0": 1001278.0,
                "1": 1001519.0,
                "2": 1003808.0,
                "3": 1002057.0,
                "4": 1002890.0
            },
            "throughput_per_flow": {
                "0": 0.19960082943910795,
                "1": 0.1996488718408134,
                "2": 0.20010517498398253,
                "3": 0.1997561200238737,
                "4": 0.1999221752961585
            },