{
    "trace3.txt": {
        "GPS": {
            "time": 9223372036854775807,
            "sent_bits_per_flow": {
                "0": 1001278.0,
                "1": 1001519.0,
                "2": 1003808.0,
                "3": 1002057.0,
                "4": 1002890.0
            },
            "throughput_per_flow": {
                "0": 1.0855877828619409e-13,
                "1": 1.0858490755855099e-13,
                "2": 1.0883308143583292e-13,
                "3": 1.0864323763543071e-13,
                "4": 1.0873355167639875e-13
            },
            "average_delay_per_flow": {
                "0": 1199.1353293413174,
                "1": 1199.4239520958083,
                "2": 1202.1652694610777,
                "3": 1200.068263473054,
                "4": 1201.065868263473
            },
            "standard_deviation_per_flow": {
                "0": 28.69037076428489,
                "1": 28.166483691483666,
                "2": 28.608804658169607,
                "3": 28.112969474480934,
                "4": 28.622159190061264
            }
        },
        "Round-Robin": {
            "time": 5016402.0,
            "sent_bits_per_flow": {
                "0": 1001278.0,
                "1": 1001519.0,
                "2": 1003808.0,
                "3": 1002057.0,
                "4": 1002890.0
            },
            "throughput_per_flow": {
                "0": 0.19960082943910795,
                "1": 0.1996488718408134,
                "2": 0.20010517498398253,
                "3": 0.1997561200238737,
                "4": 0.1999221752961585
            },
            "average_delay_per_flow": {
                "0": 2877.876646706587,
                "1": 3589.437125748503,
                "2": 3711.2323353293414,
                "3": 5948.584431137725,
                "4": 6548.789221556886
            },
            "standard_deviation_per_flow": {
                "0": 808.5163971279021,
                "1": 855.7265830678535,
                "2": 790.0444866781075,
                "3": 1043.4397278357164,
                "4": 893.4946762072907
            }
        },
        "Deficit Round-Robin": {
            "time": 5015226.0,
            "sent_bits_per_flow": {
                "0": 1001278.0,
                "1": 1001519.0,
                "2": 1002632.0,
                "3": 1002057.0,
                "4": 1002890.0
            },
            "throughput_per_flow": {
                "0": 0.19964763302790342,
                "1": 0.19969568669487675,
                "2": 0.19991761089131377,
                "3": 0.19980296002612843,
                "4": 0.19996905423604042
            },
            "average_delay_per_flow": {
                "0": 4280.379640718563,
                "1": 4768.57245508982,
                "2": 4518.97721822542,
                "3": 4358.0610778443115,
                "4": 4732.537724550898
            },
            "standard_deviation_per_flow": {
                "0": 1767.8421830063446,
                "1": 1625.5691456057689,
                "2": 1769.3599625115926,
                "3": 1670.9167837046537,
                "4": 1693.927456244798
            }
        }
    },
    "trace2.txt": {
        "GPS": {
            "time": 9223372036854775807,
            "sent_bits_per_flow": {
                "2": 1001952.0,
                "3": 1001491.0,
                "1": 1001322.0,
                "4": 1001284.0,
                "0": 1001079.0
            },
            "throughput_per_flow": {
                "2": 1.0863185351261961e-13,
                "3": 1.0858187179246803e-13,
                "1": 1.0856354877575303e-13,
                "4": 1.0855942880749758e-13,
                "0": 1.0853720266296163e-13
            },
            "average_delay_per_flow": {
                "2": 1199.9425149700598,
                "3": 1199.3904191616766,
                "1": 1199.1880239520958,
                "4": 1199.14251497006,
                "0": 1198.897005988024
            },
            "standard_deviation_per_flow": {
                "2": 28.576093201432585,
                "3": 29.103999423773942,
                "1": 28.104243084074827,
                "4": 28.42900687674965,
                "0": 28.84572099598842
            }
        },
        "Round-Robin": {
            "time": 5034625.0,
            "sent_bits_per_flow": {
                "2": 1001952.0,
                "3": 1001491.0,
                "1": 1000111.0,
                "4": 1001284.0,
                "0": 996384.0
            },
            "throughput_per_flow": {
                "2": 0.19901224023636319,
                "3": 0.19892067433026292,
                "1": 0.19864657248553766,
                "4": 0.19887955905355414,
                "0": 0.19790629888025424
            },
            "average_delay_per_flow": {
                "2": 44836.79880239521,
                "3": 49288.90419161677,
                "1": 17111.919664268586,
                "4": 20747.11377245509,
                "0": 27060.54512635379
            },
            "standard_deviation_per_flow": {
                "2": 43311.77975402669,
                "3": 50014.107947267046,
                "1": 16038.109223271143,
                "4": 18846.9237534377,
                "0": 25856.456359636893
            }
        },
        "Deficit Round-Robin": {
            "time": 5034625.0,
            "sent_bits_per_flow": {
                "2": 1001952.0,
                "3": 1001491.0,
                "1": 1000111.0,
                "4": 1001284.0,
                "0": 996384.0
            },
            "throughput_per_flow": {
                "2": 0.19901224023636319,
                "3": 0.19892067433026292,
                "1": 0.19864657248553766,
                "4": 0.19887955905355414,
                "0": 0.19790629888025424
            },
            "average_delay_per_flow": {
                "2": 43626.982035928144,
                "3": 49854.391616766465,
                "1": 17476.905275779376,
                "4": 21716.495808383235,
                "0": 26352.720818291215
            },
            "standard_deviation_per_flow": {
                "2": 42138.631001904265,
                "3": 50717.42285466693,
                "1": 16663.12666679244,
                "4": 19486.05517396471,
                "0": 24324.434072993266
            }
        }
    },
    "trace.txt": {
        "GPS": {
            "time": 9223372036854775807,
            "sent_bits_per_flow": {
                "0": 1001278.0,
                "1": 1001519.0,
                "2": 1003808.0,
                "3": 1002057.0,
                "4": 1002890.0
            },
            "throughput_per_flow": {
                "0": 1.0855877828619409e-13,
                "1": 1.0858490755855099e-13,
                "2": 1.0883308143583292e-13,
                "3": 1.0864323763543071e-13,
                "4": 1.0873355167639875e-13
            },
            "average_delay_per_flow": {
                "0": 1199.1353293413174,
                "1": 1199.4239520958083,
                "2": 1202.1652694610777,
                "3": 1200.068263473054,
                "4": 1201.065868263473
            },
            "standard_deviation_per_flow": {
                "0": 28.69037076428489,
                "1": 28.166483691483666,
                "2": 28.608804658169607,
                "3": 28.112969474480934,
                "4": 28.622159190061264
            }
        },
        "Round-Robin": {
            "time": 5016402.0,
            "sent_bits_per_flow": {
                "0": 1001278.0,
                "1": 1001519.0,
                "2": 1003808.0,
                "3": 1002057.0,
                "4": 1002890.0
            },
            "throughput_per_flow": {
                "0": 0.19960082943910795,
                "1": 0.1996488718408134,
                "2": 0.20010517498398253,
                "3": 0.1997561200238737,