{
    "trace3.txt": {
        "GPS": {
            "time": 5016402.0,
            "sent_bits_per_flow": {
                "0": 1001278.0,
                "1": 1001519.0,
                "2": 1003808.0,
                "3": 1002057.0,
                "4": 1002890.0
            },
            "throughput_per_flow": {
                "0": 0.19960082943910795,
                "1": 0.1996488718408134,
                "2": 0.20010517498398253,
                "3": 0.1997561200238737,
                "4": 0.1999221752961585
            },
            "average_delay_per_flow": {
                "0": 5421.25628742515,
                "1": 5379.14251497006,
                "2": 6808.354491017964,
                "3": 5211.841916167665,
                "4": 5778.280239520958
            },
            "standard_deviation_per_flow": {
                "0": 816.1488190249358,
                "1": 609.3613895241285,
                "2": 1342.8510143687602,
                "3": 482.6462126923492,
                "4": 1049.175064836842
            }
        },
        "Round robin (RR)": {
            "time": 5016402.0,
            "sent_bits_per_flow": {
                "0": 1001278.0,
                "1": 1001519.0,
                "2": 1003808.0,
                "3": 1002057.0,
                "4": 1002890.0
            },
            "throughput_per_flow": {
                "0": 0.19960082943910795,
                "1": 0.1996488718408134,
                "2": 0.20010517498398253,
                "3": 0.1997561200238737,
                "4": 0.1999221752961585
            },
            "average_delay_per_flow": {
                "0": 1678.7413173652694,
                "1": 2390.0131736526946,
                "2": 2509.0670658682634,
                "3": 4748.51616766467,
                "4": 5347.723353293413
            },
            "standard_deviation_per_flow": {
                "0": 808.4947543514636,
                "1": 854.1255940231372,
                "2": 791.3442835725092,
                "3": 1042.9919460087913,
                "4": 892.975021674662
            }
        },
        "Deficit round robin (DRR)": {
            "time": 5016402.0,
            "sent_bits_per_flow": {
                "0": 1001278.0,
                "1": 1001519.0,
                "2": 1003808.0,
                "3": 1002057.0,
                "4": 1002890.0
            },
            "throughput_per_flow": {
                "0": 0.19960082943910795,
                "1": 0.1996488718408134,
                "2": 0.20010517498398253,
                "3": 0.1997561200238737,
                "4": 0.1999221752961585
            },
            "average_delay_per_flow": {
                "0": 3020.17125748503,
                "1": 3448.706586826347,
                "2": 3400.9556886227547,
                "3": 3228.432335329341,
                "4": 3577.982035928144
            },
            "standard_deviation_per_flow": {
                "0": 1785.5882160391013,
                "1": 1462.774094531777,
                "2": 1609.8410980313408,
                "3": 1661.311957902367,
                "4": 1682.0510771152574
            }
        }
    },
    "trace2.txt": {
        "GPS": {
            "time": 5040531.0,
            "sent_bits_per_flow": {
                "2": 1001952.0,
                "3": 1001491.0,
                "1": 1001322.0,
                "4": 1001284.0,
                "0": 1001079.0
            },
            "throughput_per_flow": {
                "2": 0.1987790572064729,
                "3": 0.19868759858832333,
                "1": 0.19865407037472838,
                "4": 0.1986465314864644,
                "0": 0.19860586116819834
            },
            "average_delay_per_flow": {
                "2": 45343.26467065868,
                "3": 51044.73532934132,
                "1": 18263.759281437127,
                "4": 22129.17245508982,
                "0": 26662.22395209581
            },
            "standard_deviation_per_flow": {
                "2": 42571.77740497303,
                "3": 51618.984409668876,
                "1": 16790.0064613803,
                "4": 19547.605908608944,
                "0": 24369.239074538236
            }
        },
        "Round robin (RR)": {
            "time": 5040531.0,
            "sent_bits_per_flow": {
                "2": 1001952.0,
                "3": 1001491.0,
                "1": 1001322.0,
                "4": 1001284.0,
                "0": 1001079.0
            },
            "throughput_per_flow": {
                "2": 0.1987790572064729,
                "3": 0.19868759858832333,
                "1": 0.19865407037472838,
                "4": 0.1986465314864644,
                "0": 0.19860586116819834
            },
            "average_delay_per_flow": {
                "2": 43636.85628742515,
                "3": 48089.51377245509,
                "1": 15893.877844311377,
                "4": 19547.97125748503,
                "0": 25897.462275449103
            },
            "standard_deviation_per_flow": {
                "2": 43311.74317896826,
                "3": 50013.29423644824,
                "1": 16037.734577336723,
                "4": 18847.218537184617,
                "0": 25802.368271835112
            }
        },
        "Deficit round robin (DRR)": {
            "time": 5040531.0,
            "sent_bits_per_flow": {
                "2": 1001952.0,
                "3": 1001491.0,
                "1": 1001322.0,
                "4": 1001284.0,
                "0": 1001079.0
            },
            "throughput_per_flow": {
                "2": 0.1987790572064729,
                "3": 0.19868759858832333,
                "1": 0.19865407037472838,
                "4": 0.1986465314864644,
                "0": 0.19860586116819834
            },
            "average_delay_per_flow": {
                "2": 42513.23233532934,
                "3": 46685.565269461076,
                "1": 17047.105389221557,
                "4": 20975.523353293414,
                "0": 25833.477844311376
            },
            "standard_deviation_per_flow": {
                "2": 42147.30171440045,
                "3": 49168.13518560747,
                "1": 17032.614680686856,
                "4": 19618.16138669383,
                "0": 24846.89539927359
            }
        }
    },
    "trace.txt": {
        "GPS": {
            "time": 5016402.0,
            "sent_bits_per_flow": {
                "0": 1001278.0,
                "1": 1001519.0,
                "2": 1003808.0,
                "3": 1002057.0,
                "4": 1002890.0
            },
            "throughput_per_flow": {
                "0": 0.19960082943910795,
                "1": 0.1996488718408134,
                "2": 0.20010517498398253,
                "3": 0.1997561200238737,
                "4": 0.1999221752961585
            },
            "average_delay_per_flow": {
                "0": 5421.25628742515,
                "1": 5379.14251497006,
                "2": 6808.354491017964,
                "3": 5211.841916167665,
                "4": 5778.280239520958
            },
            "standard_deviation_per_flow": {
                "0": 816.1488190249358,
                "1": 609.3613895241285,
                "2": 1342.8510143687602,
                "3": 482.6462126923492,
                "4": 1049.175064836842
            }
        },
        "Round robin (RR)": {
            "time": 5016402.0,
            "sent_bits_per_flow": {
                "0": 1001278.0,
                "1": 1001519.0,
                "2": 1003808.0,
                "3": 1002057.0,
                "4": 1002890.0
            },
            "throughput_per_flow": {
                "0": 0.19960082943910795,
                "1": 0.1996488718408134,
                "2": 0.20010517498398253,
                "3": 0.1997561200238737,
                "4": 0.1999221752961585
            },